"Production et recettes brutes du lait, selon le type de marché, Québec (15 août 2018)";"";"";"";"";"";""
"Élément statistique";"1er niveau de détail";"Territoire";"Temps";"Unité de mesure";"Valeur numérique";"Note"
"Droit de production (matière grasse) ";"Quotidien";"Québec";"01-1999";"kg";"288316";""
"Droit de production (matière grasse) ";"Quotidien";"Québec";"02-1999";"kg";"287350";""
"Droit de production (matière grasse) ";"Quotidien";"Québec";"03-1999";"kg";"287327";""
"Droit de production (matière grasse) ";"Quotidien";"Québec";"04-1999";"kg";"288583";""
"Droit de production (matière grasse) ";"Quotidien";"Québec";"05-1999";"kg";"288174";""
"Droit de production (matière grasse) ";"Quotidien";"Québec";"06-1999";"kg";"287804";""
"Droit de production (matière grasse) ";"Quotidien";"Québec";"07-1999";"kg";"287366";""
"Droit de production (matière grasse) ";"Quotidien";"Québec";"08-1999";"kg";"287661";""
"Droit de production (matière grasse) ";"Quotidien";"Québec";"09-1999";"kg";"288574";""
"Droit de production (matière grasse) ";"Quotidien";"Québec";"10-1999";"kg";"288737";""
"Droit de production (matière grasse) ";"Quotidien";"Québec";"11-1999";"kg";"289283";""
"Droit de production (matière grasse) ";"Quotidien";"Québec";"12-1999";"kg";"289318";""
"Droit de production (matière grasse) ";"Quotidien";"Québec";"01-2000";"kg";"289538";""
"Droit de production (matière grasse) ";"Quotidien";"Québec";"02-2000";"kg";"290476";""
"Droit de production (matière grasse) ";"Quotidien";"Québec";"03-2000";"kg";"289780";""
"Droit de production (matière grasse) ";"Quotidien";"Québec";"04-2000";"kg";"289368";""
"Droit de production (matière grasse) ";"Quotidien";"Québec";"05-2000";"kg";"289624";""
"Droit de production (matière grasse) ";"Quotidien";"Québec";"06-2000";"kg";"293046";""
"Droit de production (matière grasse) ";"Quotidien";"Québec";"07-2000";"kg";"292779";""
"Droit de production (matière grasse) ";"Quotidien";"Québec";"08-2000";"kg";"295220";""
"Droit de production (matière grasse) ";"Quotidien";"Québec";"09-2000";"kg";"295877";""
"Droit de production (matière grasse) ";"Quotidien";"Québec";"10-2000";"kg";"296958";""
"Droit de production (matière grasse) ";"Quotidien";"Québec";"11-2000";"kg";"299583";""
"Droit de production (matière grasse) ";"Quotidien";"Québec";"12-2000";"kg";"298594";""
"Droit de production (matière grasse) ";"Quotidien";"Québec";"01-2001";"kg";"298696";""
"Droit de production (matière grasse) ";"Quotidien";"Québec";"02-2001";"kg";"298130";""
"Droit de production (matière grasse) ";"Quotidien";"Québec";"03-2001";"kg";"298238";""
"Droit de production (matière grasse) ";"Quotidien";"Québec";"04-2001";"kg";"296270";""
"Droit de production (matière grasse) ";"Quotidien";"Québec";"05-2001";"kg";"295875";""
"Droit de production (matière grasse) ";"Quotidien";"Québec";"06-2001";"kg";"296018";""
"Droit de production (matière grasse) ";"Quotidien";"Québec";"07-2001";"kg";"296212";""
"Droit de production (matière grasse) ";"Quotidien";"Québec";"08-2001";"kg";"296306";""
"Droit de production (matière grasse) ";"Quotidien";"Québec";"09-2001";"kg";"296091";""
"Droit de production (matière grasse) ";"Quotidien";"Québec";"10-2001";"kg";"297011";""
"Droit de production (matière grasse) ";"Quotidien";"Québec";"11-2001";"kg";"295055";""
"Droit de production (matière grasse) ";"Quotidien";"Québec";"12-2001";"kg";"295746";""
"Droit de production (matière grasse) ";"Quotidien";"Québec";"01-2002";"kg";"295404";""
"Droit de production (matière grasse) ";"Quotidien";"Québec";"02-2002";"kg";"295793";""
"Droit de production (matière grasse) ";"Quotidien";"Québec";"03-2002";"kg";"295824";""
"Droit de production (matière grasse) ";"Quotidien";"Québec";"04-2002";"kg";"294770";""
"Droit de production (matière grasse) ";"Quotidien";"Québec";"05-2002";"kg";"295254";""
"Droit de production (matière grasse) ";"Quotidien";"Québec";"06-2002";"kg";"295769";""
"Droit de production (matière grasse) ";"Quotidien";"Québec";"07-2002";"kg";"294911";""
"Droit de production (matière grasse) ";"Quotidien";"Québec";"08-2002";"kg";"292551";""
"Droit de production (matière grasse) ";"Quotidien";"Québec";"09-2002";"kg";"294113";""
"Droit de production (matière grasse) ";"Quotidien";"Québec";"10-2002";"kg";"291667";""
"Droit de production (matière grasse) ";"Quotidien";"Québec";"11-2002";"kg";"292322";""
"Droit de production (matière grasse) ";"Quotidien";"Québec";"12-2002";"kg";"290873";""
"Droit de production (matière grasse) ";"Quotidien";"Québec";"01-2003";"kg";"293849";""
"Droit de production (matière grasse) ";"Quotidien";"Québec";"02-2003";"kg";"293862";""
"Droit de production (matière grasse) ";"Quotidien";"Québec";"03-2003";"kg";"293749";""
"Droit de production (matière grasse) ";"Quotidien";"Québec";"04-2003";"kg";"293896";""
"Droit de production (matière grasse) ";"Quotidien";"Québec";"05-2003";"kg";"294222";""
"Droit de production (matière grasse) ";"Quotidien";"Québec";"06-2003";"kg";"294398";""
"Droit de production (matière grasse) ";"Quotidien";"Québec";"07-2003";"kg";"294615";""
"Droit de production (matière grasse) ";"Quotidien";"Québec";"08-2003";"kg";"294772";""
"Droit de production (matière grasse) ";"Quotidien";"Québec";"09-2003";"kg";"294568";""
"Droit de production (matière grasse) ";"Quotidien";"Québec";"10-2003";"kg";"294585";""
"Droit de production (matière grasse) ";"Quotidien";"Québec";"11-2003";"kg";"294855";""
"Droit de production (matière grasse) ";"Quotidien";"Québec";"12-2003";"kg";"294901";""
"Droit de production (matière grasse) ";"Quotidien";"Québec";"01-2004";"kg";"295007";""
"Droit de production (matière grasse) ";"Quotidien";"Québec";"02-2004";"kg";"294949";""
"Droit de production (matière grasse) ";"Quotidien";"Québec";"03-2004";"kg";"294824";""
"Droit de production (matière grasse) ";"Quotidien";"Québec";"04-2004";"kg";"295259";""
"Droit de production (matière grasse) ";"Quotidien";"Québec";"05-2004";"kg";"295407";""
"Droit de production (matière grasse) ";"Quotidien";"Québec";"06-2004";"kg";"295723";""
"Droit de production (matière grasse) ";"Quotidien";"Québec";"07-2004";"kg";"295744";""
"Droit de production (matière grasse) ";"Quotidien";"Québec";"08-2004";"kg";"296636";""
"Droit de production (matière grasse) ";"Quotidien";"Québec";"09-2004";"kg";"297365";""
"Droit de production (matière grasse) ";"Quotidien";"Québec";"10-2004";"kg";"298632";""
"Droit de production (matière grasse) ";"Quotidien";"Québec";"11-2004";"kg";"299419";""
"Droit de production (matière grasse) ";"Quotidien";"Québec";"12-2004";"kg";"298040";""
"Droit de production (matière grasse) ";"Quotidien";"Québec";"01-2005";"kg";"299407";""
"Droit de production (matière grasse) ";"Quotidien";"Québec";"02-2005";"kg";"300304";""
"Droit de production (matière grasse) ";"Quotidien";"Québec";"03-2005";"kg";"298288";""
"Droit de production (matière grasse) ";"Quotidien";"Québec";"04-2005";"kg";"296642";""
"Droit de production (matière grasse) ";"Quotidien";"Québec";"05-2005";"kg";"297492";""
"Droit de production (matière grasse) ";"Quotidien";"Québec";"06-2005";"kg";"299027";""
"Droit de production (matière grasse) ";"Quotidien";"Québec";"07-2005";"kg";"300406";""
"Droit de production (matière grasse) ";"Quotidien";"Québec";"08-2005";"kg";"300387";""
"Droit de production (matière grasse) ";"Quotidien";"Québec";"09-2005";"kg";"298814";""
"Droit de production (matière grasse) ";"Quotidien";"Québec";"10-2005";"kg";"297756";""
"Droit de production (matière grasse) ";"Quotidien";"Québec";"11-2005";"kg";"296861";""
"Droit de production (matière grasse) ";"Quotidien";"Québec";"12-2005";"kg";"297688";""
"Droit de production (matière grasse) ";"Quotidien";"Québec";"01-2006";"kg";"297881";""
"Droit de production (matière grasse) ";"Quotidien";"Québec";"02-2006";"kg";"297934";""
"Droit de production (matière grasse) ";"Quotidien";"Québec";"03-2006";"kg";"297080";""
"Droit de production (matière grasse) ";"Quotidien";"Québec";"04-2006";"kg";"296720";""
"Droit de production (matière grasse) ";"Quotidien";"Québec";"05-2006";"kg";"297143";""
"Droit de production (matière grasse) ";"Quotidien";"Québec";"06-2006";"kg";"297659";""
"Droit de production (matière grasse) ";"Quotidien";"Québec";"07-2006";"kg";"298866";""
"Droit de production (matière grasse) ";"Quotidien";"Québec";"08-2006";"kg";"298901";""
"Droit de production (matière grasse) ";"Quotidien";"Québec";"09-2006";"kg";"299044";""
"Droit de production (matière grasse) ";"Quotidien";"Québec";"10-2006";"kg";"299400";""
"Droit de production (matière grasse) ";"Quotidien";"Québec";"11-2006";"kg";"298821";""
"Droit de production (matière grasse) ";"Quotidien";"Québec";"12-2006";"kg";"298198";""
"Droit de production (matière grasse) ";"Quotidien";"Québec";"01-2007";"kg";"297967";""
"Droit de production (matière grasse) ";"Quotidien";"Québec";"02-2007";"kg";"296694";""
"Droit de production (matière grasse) ";"Quotidien";"Québec";"03-2007";"kg";"296796";""
"Droit de production (matière grasse) ";"Quotidien";"Québec";"04-2007";"kg";"296884";""
"Droit de production (matière grasse) ";"Quotidien";"Québec";"05-2007";"kg";"297089";""
"Droit de production (matière grasse) ";"Quotidien";"Québec";"06-2007";"kg";"296854";""
"Droit de production (matière grasse) ";"Quotidien";"Québec";"07-2007";"kg";"297198";""
"Droit de production (matière grasse) ";"Quotidien";"Québec";"08-2007";"kg";"297487";""
"Droit de production (matière grasse) ";"Quotidien";"Québec";"09-2007";"kg";"297563";""
"Droit de production (matière grasse) ";"Quotidien";"Québec";"10-2007";"kg";"297580";""
"Droit de production (matière grasse) ";"Quotidien";"Québec";"11-2007";"kg";"297710";""
"Droit de production (matière grasse) ";"Quotidien";"Québec";"12-2007";"kg";"297840";""
"Droit de production (matière grasse) ";"Quotidien";"Québec";"01-2008";"kg";"297806";""
"Droit de production (matière grasse) ";"Quotidien";"Québec";"02-2008";"kg";"297826";""
"Droit de production (matière grasse) ";"Quotidien";"Québec";"03-2008";"kg";"298166";""
"Droit de production (matière grasse) ";"Quotidien";"Québec";"04-2008";"kg";"298233";""
"Droit de production (matière grasse) ";"Quotidien";"Québec";"05-2008";"kg";"298251";""
"Droit de production (matière grasse) ";"Quotidien";"Québec";"06-2008";"kg";"298284";""
"Droit de production (matière grasse) ";"Quotidien";"Québec";"07-2008";"kg";"298425";""
"Droit de production (matière grasse) ";"Quotidien";"Québec";"08-2008";"kg";"298374";""
"Droit de production (matière grasse) ";"Quotidien";"Québec";"09-2008";"kg";"298131";""
"Droit de production (matière grasse) ";"Quotidien";"Québec";"10-2008";"kg";"298760";""
"Droit de production (matière grasse) ";"Quotidien";"Québec";"11-2008";"kg";"298308";""
"Droit de production (matière grasse) ";"Quotidien";"Québec";"12-2008";"kg";"298214";""
"Droit de production (matière grasse) ";"Quotidien";"Québec";"01-2009";"kg";"298286";""
"Droit de production (matière grasse) ";"Quotidien";"Québec";"02-2009";"kg";"298183";""
"Droit de production (matière grasse) ";"Quotidien";"Québec";"03-2009";"kg";"298312";""
"Droit de production (matière grasse) ";"Quotidien";"Québec";"04-2009";"kg";"298238";""
"Droit de production (matière grasse) ";"Quotidien";"Québec";"05-2009";"kg";"298441";""
"Droit de production (matière grasse) ";"Quotidien";"Québec";"06-2009";"kg";"298651";""
"Droit de production (matière grasse) ";"Quotidien";"Québec";"07-2009";"kg";"298597";""
"Droit de production (matière grasse) ";"Quotidien";"Québec";"08-2009";"kg";"298414";""
"Droit de production (matière grasse) ";"Quotidien";"Québec";"09-2009";"kg";"298443";""
"Droit de production (matière grasse) ";"Quotidien";"Québec";"10-2009";"kg";"298209";""
"Droit de production (matière grasse) ";"Quotidien";"Québec";"11-2009";"kg";"298084";""
"Droit de production (matière grasse) ";"Quotidien";"Québec";"12-2009";"kg";"298172";""
"Droit de production (matière grasse) ";"Quotidien";"Québec";"01-2010";"kg";"298532";""
"Droit de production (matière grasse) ";"Quotidien";"Québec";"02-2010";"kg";"298796";""
"Droit de production (matière grasse) ";"Quotidien";"Québec";"03-2010";"kg";"298835";""
"Droit de production (matière grasse) ";"Quotidien";"Québec";"04-2010";"kg";"298750";""
"Droit de production (matière grasse) ";"Quotidien";"Québec";"05-2010";"kg";"298750";""
"Droit de production (matière grasse) ";"Quotidien";"Québec";"06-2010";"kg";"298758";""
"Droit de production (matière grasse) ";"Quotidien";"Québec";"07-2010";"kg";"298943";""
"Droit de production (matière grasse) ";"Quotidien";"Québec";"08-2010";"kg";"298988";""
"Droit de production (matière grasse) ";"Quotidien";"Québec";"09-2010";"kg";"298769";""
"Droit de production (matière grasse) ";"Quotidien";"Québec";"10-2010";"kg";"298773";""
"Droit de production (matière grasse) ";"Quotidien";"Québec";"11-2010";"kg";"298778";""
"Droit de production (matière grasse) ";"Quotidien";"Québec";"12-2010";"kg";"298964";""
"Droit de production (matière grasse) ";"Quotidien";"Québec";"01-2011";"kg";"299091";""
"Droit de production (matière grasse) ";"Quotidien";"Québec";"02-2011";"kg";"299218";""
"Droit de production (matière grasse) ";"Quotidien";"Québec";"03-2011";"kg";"299415";""
"Droit de production (matière grasse) ";"Quotidien";"Québec";"04-2011";"kg";"299515";""
"Droit de production (matière grasse) ";"Quotidien";"Québec";"05-2011";"kg";"299398";""
"Droit de production (matière grasse) ";"Quotidien";"Québec";"06-2011";"kg";"299473";""
"Droit de production (matière grasse) ";"Quotidien";"Québec";"07-2011";"kg";"299358";""
"Droit de production (matière grasse) ";"Quotidien";"Québec";"08-2011";"kg";"299536";""
"Droit de production (matière grasse) ";"Quotidien";"Québec";"09-2011";"kg";"299170";""
"Droit de production (matière grasse) ";"Quotidien";"Québec";"10-2011";"kg";"299154";""
"Droit de production (matière grasse) ";"Quotidien";"Québec";"11-2011";"kg";"299155";""
"Droit de production (matière grasse) ";"Quotidien";"Québec";"12-2011";"kg";"299274";""
"Droit de production (matière grasse) ";"Quotidien";"Québec";"01-2012";"kg";"299102";""
"Droit de production (matière grasse) ";"Quotidien";"Québec";"02-2012";"kg";"299331";""
"Droit de production (matière grasse) ";"Quotidien";"Québec";"03-2012";"kg";"299386";""
"Droit de production (matière grasse) ";"Quotidien";"Québec";"04-2012";"kg";"299227";""
"Droit de production (matière grasse) ";"Quotidien";"Québec";"05-2012";"kg";"299301";""
"Droit de production (matière grasse) ";"Quotidien";"Québec";"06-2012";"kg";"299417";""
"Droit de production (matière grasse) ";"Quotidien";"Québec";"07-2012";"kg";"299254";""
"Droit de production (matière grasse) ";"Quotidien";"Québec";"08-2012";"kg";"299100";""
"Droit de production (matière grasse) ";"Quotidien";"Québec";"09-2012";"kg";"298996";""
"Droit de production (matière grasse) ";"Quotidien";"Québec";"10-2012";"kg";"298832";""
"Droit de production (matière grasse) ";"Quotidien";"Québec";"11-2012";"kg";"298799";""
"Droit de production (matière grasse) ";"Quotidien";"Québec";"12-2012";"kg";"298994";""
"Droit de production (matière grasse) ";"Quotidien";"Québec";"01-2013";"kg";"298906";""
"Droit de production (matière grasse) ";"Quotidien";"Québec";"02-2013";"kg";"299120";""
"Droit de production (matière grasse) ";"Quotidien";"Québec";"03-2013";"kg";"299259";""
"Droit de production (matière grasse) ";"Quotidien";"Québec";"04-2013";"kg";"299279";""
"Droit de production (matière grasse) ";"Quotidien";"Québec";"05-2013";"kg";"299366";""
"Droit de production (matière grasse) ";"Quotidien";"Québec";"06-2013";"kg";"299453";""
"Droit de production (matière grasse) ";"Quotidien";"Québec";"07-2013";"kg";"299408";""
"Droit de production (matière grasse) ";"Quotidien";"Québec";"08-2013";"kg";"299207";""
"Droit de production (matière grasse) ";"Quotidien";"Québec";"09-2013";"kg";"299151";""
"Droit de production (matière grasse) ";"Quotidien";"Québec";"10-2013";"kg";"299051";""
"Droit de production (matière grasse) ";"Quotidien";"Québec";"11-2013";"kg";"298962";""
"Droit de production (matière grasse) ";"Quotidien";"Québec";"12-2013";"kg";"299061";""
"Droit de production (matière grasse) ";"Quotidien";"Québec";"01-2014";"kg";"299249";""
"Droit de production (matière grasse) ";"Quotidien";"Québec";"02-2014";"kg";"299239";""
"Droit de production (matière grasse) ";"Quotidien";"Québec";"03-2014";"kg";"299251";""
"Droit de production (matière grasse) ";"Quotidien";"Québec";"04-2014";"kg";"299227";""
"Droit de production (matière grasse) ";"Quotidien";"Québec";"05-2014";"kg";"299342";""
"Droit de production (matière grasse) ";"Quotidien";"Québec";"06-2014";"kg";"299143";""
"Droit de production (matière grasse) ";"Quotidien";"Québec";"07-2014";"kg";"299070";""
"Droit de production (matière grasse) ";"Quotidien";"Québec";"08-2014";"kg";"298967";""
"Droit de production (matière grasse) ";"Quotidien";"Québec";"09-2014";"kg";"298675";""
"Droit de production (matière grasse) ";"Quotidien";"Québec";"10-2014";"kg";"298587";""
"Droit de production (matière grasse) ";"Quotidien";"Québec";"11-2014";"kg";"298454";""
"Droit de production (matière grasse) ";"Quotidien";"Québec";"12-2014";"kg";"298814";""
"Droit de production (matière grasse) ";"Quotidien";"Québec";"01-2015";"kg";"298726";""
"Droit de production (matière grasse) ";"Quotidien";"Québec";"02-2015";"kg";"298603";""
"Droit de production (matière grasse) ";"Quotidien";"Québec";"03-2015";"kg";"298702";""
"Droit de production (matière grasse) ";"Quotidien";"Québec";"04-2015";"kg";"298467";""
"Droit de production (matière grasse) ";"Quotidien";"Québec";"05-2015";"kg";"298426";""
"Droit de production (matière grasse) ";"Quotidien";"Québec";"06-2015";"kg";"298388";""
"Droit de production (matière grasse) ";"Quotidien";"Québec";"07-2015";"kg";"298311";""
"Droit de production (matière grasse) ";"Quotidien";"Québec";"08-2015";"kg";"311674";""
"Droit de production (matière grasse) ";"Quotidien";"Québec";"09-2015";"kg";"311510";""
"Droit de production (matière grasse) ";"Quotidien";"Québec";"10-2015";"kg";"311608";""
"Droit de production (matière grasse) ";"Quotidien";"Québec";"11-2015";"kg";"311549";""
"Droit de production (matière grasse) ";"Quotidien";"Québec";"12-2015";"kg";"318352";""
"Droit de production (matière grasse) ";"Quotidien";"Québec";"01-2016";"kg";"318313";""
"Droit de production (matière grasse) ";"Quotidien";"Québec";"02-2016";"kg";"332931";""
"Droit de production (matière grasse) ";"Quotidien";"Québec";"03-2016";"kg";"333126";""
"Droit de production (matière grasse) ";"Quotidien";"Québec";"04-2016";"kg";"333241";""
"Droit de production (matière grasse) ";"Quotidien";"Québec";"05-2016";"kg";"333099";""
"Droit de production (matière grasse) ";"Quotidien";"Québec";"06-2016";"kg";"332956";""
"Droit de production (matière grasse) ";"Quotidien";"Québec";"07-2016";"kg";"336489";""
"Droit de production (matière grasse) ";"Quotidien";"Québec";"08-2016";"kg";"339629";""
"Droit de production (matière grasse) ";"Quotidien";"Québec";"09-2016";"kg";"342910";""
"Droit de production (matière grasse) ";"Quotidien";"Québec";"10-2016";"kg";"342467";""
"Droit de production (matière grasse) ";"Quotidien";"Québec";"11-2016";"kg";"352923";""
"Droit de production (matière grasse) ";"Quotidien";"Québec";"12-2016";"kg";"360789";""
"Droit de production (matière grasse) ";"Quotidien";"Québec";"01-2017";"kg";"360824";""
"Droit de production (matière grasse) ";"Quotidien";"Québec";"02-2017";"kg";"377496";""
"Droit de production (matière grasse) ";"Quotidien";"Québec";"03-2017";"kg";"377432";""
"Droit de production (matière grasse) ";"Quotidien";"Québec";"04-2017";"kg";"377300";""
"Droit de production (matière grasse) ";"Quotidien";"Québec";"05-2017";"kg";"377148";""
"Droit de production (matière grasse) ";"Quotidien";"Québec";"06-2017";"kg";"376947";""
"Droit de production (matière grasse) ";"Quotidien";"Québec";"07-2017";"kg";"395784";""
"Droit de production (matière grasse) ";"Quotidien";"Québec";"08-2017";"kg";"395418";""
"Droit de production (matière grasse) ";"Quotidien";"Québec";"09-2017";"kg";"395341";""
"Droit de production (matière grasse) ";"Quotidien";"Québec";"10-2017";"kg";"394775";""
"Droit de production (matière grasse) ";"Quotidien";"Québec";"11-2017";"kg";"398385";""
"Droit de production (matière grasse) ";"Quotidien";"Québec";"12-2017";"kg";"398554";""
"Droit de production (matière grasse) ";"Quotidien";"Québec";"01-2018";"kg";"398717";""
"Droit de production (matière grasse) ";"Quotidien";"Québec";"02-2018";"kg";"398781";""
"Droit de production (matière grasse) ";"Quotidien";"Québec";"03-2018";"kg";"398654";""
"Droit de production (matière grasse) ";"Quotidien";"Québec";"04-2018";"kg";"398435";""
"Droit de production (matière grasse) ";"Quotidien";"Québec";"05-2018";"kg";"392429";""
"Droit de production (matière grasse) ";"Quotidien";"Québec";"06-2018";"kg";"392495";""
"Droit de production (matière grasse) ";"Quotidien";"Québec";"07-2018";"kg";"378774";""
"Droit de production (matière grasse) ";"Mensuel";"Québec";"01-1999";"kg";"8937787";""
"Droit de production (matière grasse) ";"Mensuel";"Québec";"02-1999";"kg";"8045803";""
"Droit de production (matière grasse) ";"Mensuel";"Québec";"03-1999";"kg";"8907131";""
"Droit de production (matière grasse) ";"Mensuel";"Québec";"04-1999";"kg";"8657499";""
"Droit de production (matière grasse) ";"Mensuel";"Québec";"05-1999";"kg";"8933388";""
"Droit de production (matière grasse) ";"Mensuel";"Québec";"06-1999";"kg";"8634126";""
"Droit de production (matière grasse) ";"Mensuel";"Québec";"07-1999";"kg";"8908358";""
"Droit de production (matière grasse) ";"Mensuel";"Québec";"08-1999";"kg";"8917497";""
"Droit de production (matière grasse) ";"Mensuel";"Québec";"09-1999";"kg";"8657232";""
"Droit de production (matière grasse) ";"Mensuel";"Québec";"10-1999";"kg";"8950852";""
"Droit de production (matière grasse) ";"Mensuel";"Québec";"11-1999";"kg";"8678504";""
"Droit de production (matière grasse) ";"Mensuel";"Québec";"12-1999";"kg";"8968858";""
"Droit de production (matière grasse) ";"Mensuel";"Québec";"01-2000";"kg";"8975665";""
"Droit de production (matière grasse) ";"Mensuel";"Québec";"02-2000";"kg";"8423810";""
"Droit de production (matière grasse) ";"Mensuel";"Québec";"03-2000";"kg";"8983179";""
"Droit de production (matière grasse) ";"Mensuel";"Québec";"04-2000";"kg";"8681044";""
"Droit de production (matière grasse) ";"Mensuel";"Québec";"05-2000";"kg";"8978340";""
"Droit de production (matière grasse) ";"Mensuel";"Québec";"06-2000";"kg";"8791374";""
"Droit de production (matière grasse) ";"Mensuel";"Québec";"07-2000";"kg";"9076134";""
"Droit de production (matière grasse) ";"Mensuel";"Québec";"08-2000";"kg";"9151810";""
"Droit de production (matière grasse) ";"Mensuel";"Québec";"09-2000";"kg";"8876323";""
"Droit de production (matière grasse) ";"Mensuel";"Québec";"10-2000";"kg";"9205713";""
"Droit de production (matière grasse) ";"Mensuel";"Québec";"11-2000";"kg";"8987497";""
"Droit de production (matière grasse) ";"Mensuel";"Québec";"12-2000";"kg";"9256399";""
"Droit de production (matière grasse) ";"Mensuel";"Québec";"01-2001";"kg";"9259577";""
"Droit de production (matière grasse) ";"Mensuel";"Québec";"02-2001";"kg";"8347629";""
"Droit de production (matière grasse) ";"Mensuel";"Québec";"03-2001";"kg";"9245375";""
"Droit de production (matière grasse) ";"Mensuel";"Québec";"04-2001";"kg";"8888105";""
"Droit de production (matière grasse) ";"Mensuel";"Québec";"05-2001";"kg";"9172118";""
"Droit de production (matière grasse) ";"Mensuel";"Québec";"06-2001";"kg";"8880531";""
"Droit de production (matière grasse) ";"Mensuel";"Québec";"07-2001";"kg";"9182583";""
"Droit de production (matière grasse) ";"Mensuel";"Québec";"08-2001";"kg";"9185490";""
"Droit de production (matière grasse) ";"Mensuel";"Québec";"09-2001";"kg";"8882737";""
"Droit de production (matière grasse) ";"Mensuel";"Québec";"10-2001";"kg";"9207350";""
"Droit de production (matière grasse) ";"Mensuel";"Québec";"11-2001";"kg";"8851640";""
"Droit de production (matière grasse) ";"Mensuel";"Québec";"12-2001";"kg";"9168112";""
"Droit de production (matière grasse) ";"Mensuel";"Québec";"01-2002";"kg";"9157518";""
"Droit de production (matière grasse) ";"Mensuel";"Québec";"02-2002";"kg";"8282201";""
"Droit de production (matière grasse) ";"Mensuel";"Québec";"03-2002";"kg";"9170532";""
"Droit de production (matière grasse) ";"Mensuel";"Québec";"04-2002";"kg";"8843108";""
"Droit de production (matière grasse) ";"Mensuel";"Québec";"05-2002";"kg";"9152889";""
"Droit de production (matière grasse) ";"Mensuel";"Québec";"06-2002";"kg";"8873061";""
"Droit de production (matière grasse) ";"Mensuel";"Québec";"07-2002";"kg";"9142233";""
"Droit de production (matière grasse) ";"Mensuel";"Québec";"08-2002";"kg";"9069094";""
"Droit de production (matière grasse) ";"Mensuel";"Québec";"09-2002";"kg";"8823403";""
"Droit de production (matière grasse) ";"Mensuel";"Québec";"10-2002";"kg";"9041670";""
"Droit de production (matière grasse) ";"Mensuel";"Québec";"11-2002";"kg";"8769649";""
"Droit de production (matière grasse) ";"Mensuel";"Québec";"12-2002";"kg";"9017076";""
"Droit de production (matière grasse) ";"Mensuel";"Québec";"01-2003";"kg";"9109309";""
"Droit de production (matière grasse) ";"Mensuel";"Québec";"02-2003";"kg";"8228133";""
"Droit de production (matière grasse) ";"Mensuel";"Québec";"03-2003";"kg";"9106224";""
"Droit de production (matière grasse) ";"Mensuel";"Québec";"04-2003";"kg";"8816889";""
"Droit de production (matière grasse) ";"Mensuel";"Québec";"05-2003";"kg";"9120869";""
"Droit de production (matière grasse) ";"Mensuel";"Québec";"06-2003";"kg";"8831948";""
"Droit de production (matière grasse) ";"Mensuel";"Québec";"07-2003";"kg";"9133077";""
"Droit de production (matière grasse) ";"Mensuel";"Québec";"08-2003";"kg";"9137924";""
"Droit de production (matière grasse) ";"Mensuel";"Québec";"09-2003";"kg";"8837026";""
"Droit de production (matière grasse) ";"Mensuel";"Québec";"10-2003";"kg";"9132139";""
"Droit de production (matière grasse) ";"Mensuel";"Québec";"11-2003";"kg";"8845664";""
"Droit de production (matière grasse) ";"Mensuel";"Québec";"12-2003";"kg";"9141921";""
"Droit de production (matière grasse) ";"Mensuel";"Québec";"01-2004";"kg";"9145227";""
"Droit de production (matière grasse) ";"Mensuel";"Québec";"02-2004";"kg";"8553517";""
"Droit de production (matière grasse) ";"Mensuel";"Québec";"03-2004";"kg";"9139553";""
"Droit de production (matière grasse) ";"Mensuel";"Québec";"04-2004";"kg";"8857763";""
"Droit de production (matière grasse) ";"Mensuel";"Québec";"05-2004";"kg";"9157627";""
"Droit de production (matière grasse) ";"Mensuel";"Québec";"06-2004";"kg";"8871701";""
"Droit de production (matière grasse) ";"Mensuel";"Québec";"07-2004";"kg";"9168053";""
"Droit de production (matière grasse) ";"Mensuel";"Québec";"08-2004";"kg";"9195709";""
"Droit de production (matière grasse) ";"Mensuel";"Québec";"09-2004";"kg";"8920935";""
"Droit de production (matière grasse) ";"Mensuel";"Québec";"10-2004";"kg";"9257577";""
"Droit de production (matière grasse) ";"Mensuel";"Québec";"11-2004";"kg";"8982566";""
"Droit de production (matière grasse) ";"Mensuel";"Québec";"12-2004";"kg";"9239244";""
"Droit de production (matière grasse) ";"Mensuel";"Québec";"01-2005";"kg";"9281613";""
"Droit de production (matière grasse) ";"Mensuel";"Québec";"02-2005";"kg";"8408501";""
"Droit de production (matière grasse) ";"Mensuel";"Québec";"03-2005";"kg";"9246918";""
"Droit de production (matière grasse) ";"Mensuel";"Québec";"04-2005";"kg";"8899267";""
"Droit de production (matière grasse) ";"Mensuel";"Québec";"05-2005";"kg";"9222246";""
"Droit de production (matière grasse) ";"Mensuel";"Québec";"06-2005";"kg";"8970814";""
"Droit de production (matière grasse) ";"Mensuel";"Québec";"07-2005";"kg";"9312589";""
"Droit de production (matière grasse) ";"Mensuel";"Québec";"08-2005";"kg";"9311983";""
"Droit de production (matière grasse) ";"Mensuel";"Québec";"09-2005";"kg";"8964431";""
"Droit de production (matière grasse) ";"Mensuel";"Québec";"10-2005";"kg";"9230434";""
"Droit de production (matière grasse) ";"Mensuel";"Québec";"11-2005";"kg";"8905824";""
"Droit de production (matière grasse) ";"Mensuel";"Québec";"12-2005";"kg";"9228331";""
"Droit de production (matière grasse) ";"Mensuel";"Québec";"01-2006";"kg";"9234313";""
"Droit de production (matière grasse) ";"Mensuel";"Québec";"02-2006";"kg";"8342155";""
"Droit de production (matière grasse) ";"Mensuel";"Québec";"03-2006";"kg";"9209474";""
"Droit de production (matière grasse) ";"Mensuel";"Québec";"04-2006";"kg";"8901586";""
"Droit de production (matière grasse) ";"Mensuel";"Québec";"05-2006";"kg";"9211422";""
"Droit de production (matière grasse) ";"Mensuel";"Québec";"06-2006";"kg";"8929756";""
"Droit de production (matière grasse) ";"Mensuel";"Québec";"07-2006";"kg";"9264856";""
"Droit de production (matière grasse) ";"Mensuel";"Québec";"08-2006";"kg";"9265934";""
"Droit de production (matière grasse) ";"Mensuel";"Québec";"09-2006";"kg";"8971332";""
"Droit de production (matière grasse) ";"Mensuel";"Québec";"10-2006";"kg";"9281394";""
"Droit de production (matière grasse) ";"Mensuel";"Québec";"11-2006";"kg";"8964631";""
"Droit de production (matière grasse) ";"Mensuel";"Québec";"12-2006";"kg";"9244141";""
"Droit de production (matière grasse) ";"Mensuel";"Québec";"01-2007";"kg";"9236970";""
"Droit de production (matière grasse) ";"Mensuel";"Québec";"02-2007";"kg";"8307432";""
"Droit de production (matière grasse) ";"Mensuel";"Québec";"03-2007";"kg";"9200691";""
"Droit de production (matière grasse) ";"Mensuel";"Québec";"04-2007";"kg";"8906534";""
"Droit de production (matière grasse) ";"Mensuel";"Québec";"05-2007";"kg";"9209766";""
"Droit de production (matière grasse) ";"Mensuel";"Québec";"06-2007";"kg";"8905622";""
"Droit de production (matière grasse) ";"Mensuel";"Québec";"07-2007";"kg";"9213123";""
"Droit de production (matière grasse) ";"Mensuel";"Québec";"08-2007";"kg";"9222094";""
"Droit de production (matière grasse) ";"Mensuel";"Québec";"09-2007";"kg";"8926892";""
"Droit de production (matière grasse) ";"Mensuel";"Québec";"10-2007";"kg";"9224967";""
"Droit de production (matière grasse) ";"Mensuel";"Québec";"11-2007";"kg";"8931304";""
"Droit de production (matière grasse) ";"Mensuel";"Québec";"12-2007";"kg";"9233051";""
"Droit de production (matière grasse) ";"Mensuel";"Québec";"01-2008";"kg";"9231973";""
"Droit de production (matière grasse) ";"Mensuel";"Québec";"02-2008";"kg";"8636967";""
"Droit de production (matière grasse) ";"Mensuel";"Québec";"03-2008";"kg";"9243146";""
"Droit de production (matière grasse) ";"Mensuel";"Québec";"04-2008";"kg";"8946998";""
"Droit de production (matière grasse) ";"Mensuel";"Québec";"05-2008";"kg";"9245768";""
"Droit de production (matière grasse) ";"Mensuel";"Québec";"06-2008";"kg";"8948509";""
"Droit de production (matière grasse) ";"Mensuel";"Québec";"07-2008";"kg";"9251189";""
"Droit de production (matière grasse) ";"Mensuel";"Québec";"08-2008";"kg";"9249598";""
"Droit de production (matière grasse) ";"Mensuel";"Québec";"09-2008";"kg";"8943925";""
"Droit de production (matière grasse) ";"Mensuel";"Québec";"10-2008";"kg";"9261561";""
"Droit de production (matière grasse) ";"Mensuel";"Québec";"11-2008";"kg";"8949241";""
"Droit de production (matière grasse) ";"Mensuel";"Québec";"12-2008";"kg";"9244644";""
"Droit de production (matière grasse) ";"Mensuel";"Québec";"01-2009";"kg";"9246857";""
"Droit de production (matière grasse) ";"Mensuel";"Québec";"02-2009";"kg";"8349117";""
"Droit de production (matière grasse) ";"Mensuel";"Québec";"03-2009";"kg";"9247670";""
"Droit de production (matière grasse) ";"Mensuel";"Québec";"04-2009";"kg";"8947135";""
"Droit de production (matière grasse) ";"Mensuel";"Québec";"05-2009";"kg";"9251666";""
"Droit de production (matière grasse) ";"Mensuel";"Québec";"06-2009";"kg";"8959524";""
"Droit de production (matière grasse) ";"Mensuel";"Québec";"07-2009";"kg";"9256512";""
"Droit de production (matière grasse) ";"Mensuel";"Québec";"08-2009";"kg";"9250835";""
"Droit de production (matière grasse) ";"Mensuel";"Québec";"09-2009";"kg";"8953292";""
"Droit de production (matière grasse) ";"Mensuel";"Québec";"10-2009";"kg";"9244485";""
"Droit de production (matière grasse) ";"Mensuel";"Québec";"11-2009";"kg";"8942531";""
"Droit de production (matière grasse) ";"Mensuel";"Québec";"12-2009";"kg";"9243346";""
"Droit de production (matière grasse) ";"Mensuel";"Québec";"01-2010";"kg";"9254496";""
"Droit de production (matière grasse) ";"Mensuel";"Québec";"02-2010";"kg";"8366287";""
"Droit de production (matière grasse) ";"Mensuel";"Québec";"03-2010";"kg";"9263893";""
"Droit de production (matière grasse) ";"Mensuel";"Québec";"04-2010";"kg";"8962498";""
"Droit de production (matière grasse) ";"Mensuel";"Québec";"05-2010";"kg";"9261235";""
"Droit de production (matière grasse) ";"Mensuel";"Québec";"06-2010";"kg";"8962748";""
"Droit de production (matière grasse) ";"Mensuel";"Québec";"07-2010";"kg";"9267239";""
"Droit de production (matière grasse) ";"Mensuel";"Québec";"08-2010";"kg";"9268613";""
"Droit de production (matière grasse) ";"Mensuel";"Québec";"09-2010";"kg";"8963057";""
"Droit de production (matière grasse) ";"Mensuel";"Québec";"10-2010";"kg";"9261948";""
"Droit de production (matière grasse) ";"Mensuel";"Québec";"11-2010";"kg";"8963350";""
"Droit de production (matière grasse) ";"Mensuel";"Québec";"12-2010";"kg";"9267895";""
"Droit de production (matière grasse) ";"Mensuel";"Québec";"01-2011";"kg";"9271830";""
"Droit de production (matière grasse) ";"Mensuel";"Québec";"02-2011";"kg";"8378103";""
"Droit de production (matière grasse) ";"Mensuel";"Québec";"03-2011";"kg";"9281856";""
"Droit de production (matière grasse) ";"Mensuel";"Québec";"04-2011";"kg";"8985441";""
"Droit de production (matière grasse) ";"Mensuel";"Québec";"05-2011";"kg";"9281330";""
"Droit de production (matière grasse) ";"Mensuel";"Québec";"06-2011";"kg";"8984205";""
"Droit de production (matière grasse) ";"Mensuel";"Québec";"07-2011";"kg";"9280086";""
"Droit de production (matière grasse) ";"Mensuel";"Québec";"08-2011";"kg";"9285618";""
"Droit de production (matière grasse) ";"Mensuel";"Québec";"09-2011";"kg";"8975085";""
"Droit de production (matière grasse) ";"Mensuel";"Québec";"10-2011";"kg";"9273765";""
"Droit de production (matière grasse) ";"Mensuel";"Québec";"11-2011";"kg";"8974643";""
"Droit de production (matière grasse) ";"Mensuel";"Québec";"12-2011";"kg";"9277498";""
"Droit de production (matière grasse) ";"Mensuel";"Québec";"01-2012";"kg";"9272152";""
"Droit de production (matière grasse) ";"Mensuel";"Québec";"02-2012";"kg";"8680598";""
"Droit de production (matière grasse) ";"Mensuel";"Québec";"03-2012";"kg";"9280975";""
"Droit de production (matière grasse) ";"Mensuel";"Québec";"04-2012";"kg";"8976812";""
"Droit de production (matière grasse) ";"Mensuel";"Québec";"05-2012";"kg";"9278338";""
"Droit de production (matière grasse) ";"Mensuel";"Québec";"06-2012";"kg";"8982515";""
"Droit de production (matière grasse) ";"Mensuel";"Québec";"07-2012";"kg";"9276859";""
"Droit de production (matière grasse) ";"Mensuel";"Québec";"08-2012";"kg";"9272111";""
"Droit de production (matière grasse) ";"Mensuel";"Québec";"09-2012";"kg";"8969888";""
"Droit de production (matière grasse) ";"Mensuel";"Québec";"10-2012";"kg";"9263781";""
"Droit de production (matière grasse) ";"Mensuel";"Québec";"11-2012";"kg";"8963977";""
"Droit de production (matière grasse) ";"Mensuel";"Québec";"12-2012";"kg";"9268803";""
"Droit de production (matière grasse) ";"Mensuel";"Québec";"01-2013";"kg";"9266097";""
"Droit de production (matière grasse) ";"Mensuel";"Québec";"02-2013";"kg";"8375371";""
"Droit de production (matière grasse) ";"Mensuel";"Québec";"03-2013";"kg";"9277026";""
"Droit de production (matière grasse) ";"Mensuel";"Québec";"04-2013";"kg";"8978372";""
"Droit de production (matière grasse) ";"Mensuel";"Québec";"05-2013";"kg";"9280353";""
"Droit de production (matière grasse) ";"Mensuel";"Québec";"06-2013";"kg";"8983595";""
"Droit de production (matière grasse) ";"Mensuel";"Québec";"07-2013";"kg";"9281663";""
"Droit de production (matière grasse) ";"Mensuel";"Québec";"08-2013";"kg";"9275406";""
"Droit de production (matière grasse) ";"Mensuel";"Québec";"09-2013";"kg";"8974540";""
"Droit de production (matière grasse) ";"Mensuel";"Québec";"10-2013";"kg";"9270567";""
"Droit de production (matière grasse) ";"Mensuel";"Québec";"11-2013";"kg";"8968853";""
"Droit de production (matière grasse) ";"Mensuel";"Québec";"12-2013";"kg";"9270880";""
"Droit de production (matière grasse) ";"Mensuel";"Québec";"01-2014";"kg";"9276714";""
"Droit de production (matière grasse) ";"Mensuel";"Québec";"02-2014";"kg";"8378681";""
"Droit de production (matière grasse) ";"Mensuel";"Québec";"03-2014";"kg";"9276768";""
"Droit de production (matière grasse) ";"Mensuel";"Québec";"04-2014";"kg";"8976807";""
"Droit de production (matière grasse) ";"Mensuel";"Québec";"05-2014";"kg";"9279594";""
"Droit de production (matière grasse) ";"Mensuel";"Québec";"06-2014";"kg";"8974298";""
"Droit de production (matière grasse) ";"Mensuel";"Québec";"07-2014";"kg";"9271163";""
"Droit de production (matière grasse) ";"Mensuel";"Québec";"08-2014";"kg";"9267988";""
"Droit de production (matière grasse) ";"Mensuel";"Québec";"09-2014";"kg";"8960235";""
"Droit de production (matière grasse) ";"Mensuel";"Québec";"10-2014";"kg";"9256197";""
"Droit de production (matière grasse) ";"Mensuel";"Québec";"11-2014";"kg";"8953605";""
"Droit de production (matière grasse) ";"Mensuel";"Québec";"12-2014";"kg";"9263232";""
"Droit de production (matière grasse) ";"Mensuel";"Québec";"01-2015";"kg";"9260520";""
"Droit de production (matière grasse) ";"Mensuel";"Québec";"02-2015";"kg";"8360889";""
"Droit de production (matière grasse) ";"Mensuel";"Québec";"03-2015";"kg";"9259772";""
"Droit de production (matière grasse) ";"Mensuel";"Québec";"04-2015";"kg";"8953997";""
"Droit de production (matière grasse) ";"Mensuel";"Québec";"05-2015";"kg";"9251209";""
"Droit de production (matière grasse) ";"Mensuel";"Québec";"06-2015";"kg";"8951634";""
"Droit de production (matière grasse) ";"Mensuel";"Québec";"07-2015";"kg";"9247636";""
"Droit de production (matière grasse) ";"Mensuel";"Québec";"08-2015";"kg";"9661888";""
"Droit de production (matière grasse) ";"Mensuel";"Québec";"09-2015";"kg";"9345294";""
"Droit de production (matière grasse) ";"Mensuel";"Québec";"10-2015";"kg";"9659848";""
"Droit de production (matière grasse) ";"Mensuel";"Québec";"11-2015";"kg";"9346478";""
"Droit de production (matière grasse) ";"Mensuel";"Québec";"12-2015";"kg";"9868899";""
"Droit de production (matière grasse) ";"Mensuel";"Québec";"01-2016";"kg";"9867706";""
"Droit de production (matière grasse) ";"Mensuel";"Québec";"02-2016";"kg";"9655004";""
"Droit de production (matière grasse) ";"Mensuel";"Québec";"03-2016";"kg";"10326901";""
"Droit de production (matière grasse) ";"Mensuel";"Québec";"04-2016";"kg";"9997217";""
"Droit de production (matière grasse) ";"Mensuel";"Québec";"05-2016";"kg";"10326084";""
"Droit de production (matière grasse) ";"Mensuel";"Québec";"06-2016";"kg";"9988669";""
"Droit de production (matière grasse) ";"Mensuel";"Québec";"07-2016";"kg";"10431152";""
"Droit de production (matière grasse) ";"Mensuel";"Québec";"08-2016";"kg";"10528492";""
"Droit de production (matière grasse) ";"Mensuel";"Québec";"09-2016";"kg";"10287306";""
"Droit de production (matière grasse) ";"Mensuel";"Québec";"10-2016";"kg";"10616479";""
"Droit de production (matière grasse) ";"Mensuel";"Québec";"11-2016";"kg";"10587678";""
"Droit de production (matière grasse) ";"Mensuel";"Québec";"12-2016";"kg";"11184449";""
"Droit de production (matière grasse) ";"Mensuel";"Québec";"01-2017";"kg";"11185554";""
"Droit de production (matière grasse) ";"Mensuel";"Québec";"02-2017";"kg";"10569887";""
"Droit de production (matière grasse) ";"Mensuel";"Québec";"03-2017";"kg";"11700404";""
"Droit de production (matière grasse) ";"Mensuel";"Québec";"04-2017";"kg";"11319001";""
"Droit de production (matière grasse) ";"Mensuel";"Québec";"05-2017";"kg";"11691596";""
"Droit de production (matière grasse) ";"Mensuel";"Québec";"06-2017";"kg";"11308412";""
"Droit de production (matière grasse) ";"Mensuel";"Québec";"07-2017";"kg";"12269309";""
"Droit de production (matière grasse) ";"Mensuel";"Québec";"08-2017";"kg";"12257959";""
"Droit de production (matière grasse) ";"Mensuel";"Québec";"09-2017";"kg";"11860237";""
"Droit de production (matière grasse) ";"Mensuel";"Québec";"10-2017";"kg";"12238036";""
"Droit de production (matière grasse) ";"Mensuel";"Québec";"11-2017";"kg";"11951541";""
"Droit de production (matière grasse) ";"Mensuel";"Québec";"12-2017";"kg";"12355176";""
"Droit de production (matière grasse) ";"Mensuel";"Québec";"01-2018";"kg";"12360223";""
"Droit de production (matière grasse) ";"Mensuel";"Québec";"02-2018";"kg";"11165881";""
"Droit de production (matière grasse) ";"Mensuel";"Québec";"03-2018";"kg";"12358259";""
"Droit de production (matière grasse) ";"Mensuel";"Québec";"04-2018";"kg";"11953051";""
"Droit de production (matière grasse) ";"Mensuel";"Québec";"05-2018";"kg";"12165295";""
"Droit de production (matière grasse) ";"Mensuel";"Québec";"06-2018";"kg";"11774861";""
"Droit de production (matière grasse) ";"Mensuel";"Québec";"07-2018";"kg";"11741991";""
"Droit de production (matière grasse) ";"..Écart mensuel à la production";"Québec";"01-1999";"kg";"755683";""
"Droit de production (matière grasse) ";"..Écart mensuel à la production";"Québec";"02-1999";"kg";"777918";""
"Droit de production (matière grasse) ";"..Écart mensuel à la production";"Québec";"03-1999";"kg";"996853";""
"Droit de production (matière grasse) ";"..Écart mensuel à la production";"Québec";"04-1999";"kg";"1154303";""
"Droit de production (matière grasse) ";"..Écart mensuel à la production";"Québec";"05-1999";"kg";"1253601";""
"Droit de production (matière grasse) ";"..Écart mensuel à la production";"Québec";"06-1999";"kg";"889674";""
"Droit de production (matière grasse) ";"..Écart mensuel à la production";"Québec";"07-1999";"kg";"254532";""
"Droit de production (matière grasse) ";"..Écart mensuel à la production";"Québec";"08-1999";"kg";"89193";""
"Droit de production (matière grasse) ";"..Écart mensuel à la production";"Québec";"09-1999";"kg";"54717";""
"Droit de production (matière grasse) ";"..Écart mensuel à la production";"Québec";"10-1999";"kg";"230929";""
"Droit de production (matière grasse) ";"..Écart mensuel à la production";"Québec";"11-1999";"kg";"332329";""
"Droit de production (matière grasse) ";"..Écart mensuel à la production";"Québec";"12-1999";"kg";"548341";""
"Droit de production (matière grasse) ";"..Écart mensuel à la production";"Québec";"01-2000";"kg";"747295";""
"Droit de production (matière grasse) ";"..Écart mensuel à la production";"Québec";"02-2000";"kg";"749890";""
"Droit de production (matière grasse) ";"..Écart mensuel à la production";"Québec";"03-2000";"kg";"910317";""
"Droit de production (matière grasse) ";"..Écart mensuel à la production";"Québec";"04-2000";"kg";"997928";""
"Droit de production (matière grasse) ";"..Écart mensuel à la production";"Québec";"05-2000";"kg";"1001799";""
"Droit de production (matière grasse) ";"..Écart mensuel à la production";"Québec";"06-2000";"kg";"809287";""
"Droit de production (matière grasse) ";"..Écart mensuel à la production";"Québec";"07-2000";"kg";"174600";""
"Droit de production (matière grasse) ";"..Écart mensuel à la production";"Québec";"08-2000";"kg";"-167233";""
"Droit de production (matière grasse) ";"..Écart mensuel à la production";"Québec";"09-2000";"kg";"68847";""
"Droit de production (matière grasse) ";"..Écart mensuel à la production";"Québec";"10-2000";"kg";"236534";""
"Droit de production (matière grasse) ";"..Écart mensuel à la production";"Québec";"11-2000";"kg";"17845";""
"Droit de production (matière grasse) ";"..Écart mensuel à la production";"Québec";"12-2000";"kg";"192649";""
"Droit de production (matière grasse) ";"..Écart mensuel à la production";"Québec";"01-2001";"kg";"242797";""
"Droit de production (matière grasse) ";"..Écart mensuel à la production";"Québec";"02-2001";"kg";"257708";""
"Droit de production (matière grasse) ";"..Écart mensuel à la production";"Québec";"03-2001";"kg";"283803";""
"Droit de production (matière grasse) ";"..Écart mensuel à la production";"Québec";"04-2001";"kg";"358565";""
"Droit de production (matière grasse) ";"..Écart mensuel à la production";"Québec";"05-2001";"kg";"414646";""
"Droit de production (matière grasse) ";"..Écart mensuel à la production";"Québec";"06-2001";"kg";"147549";""
"Droit de production (matière grasse) ";"..Écart mensuel à la production";"Québec";"07-2001";"kg";"-352211";""
"Droit de production (matière grasse) ";"..Écart mensuel à la production";"Québec";"08-2001";"kg";"-329385";""
"Droit de production (matière grasse) ";"..Écart mensuel à la production";"Québec";"09-2001";"kg";"-49454";""
"Droit de production (matière grasse) ";"..Écart mensuel à la production";"Québec";"10-2001";"kg";"122178";""
"Droit de production (matière grasse) ";"..Écart mensuel à la production";"Québec";"11-2001";"kg";"266575";""
"Droit de production (matière grasse) ";"..Écart mensuel à la production";"Québec";"12-2001";"kg";"88654";""
"Droit de production (matière grasse) ";"..Écart mensuel à la production";"Québec";"01-2002";"kg";"530533";""
"Droit de production (matière grasse) ";"..Écart mensuel à la production";"Québec";"02-2002";"kg";"481161";""
"Droit de production (matière grasse) ";"..Écart mensuel à la production";"Québec";"03-2002";"kg";"475055";""
"Droit de production (matière grasse) ";"..Écart mensuel à la production";"Québec";"04-2002";"kg";"433685";""
"Droit de production (matière grasse) ";"..Écart mensuel à la production";"Québec";"05-2002";"kg";"-34427";""
"Droit de production (matière grasse) ";"..Écart mensuel à la production";"Québec";"06-2002";"kg";"-260632";""
"Droit de production (matière grasse) ";"..Écart mensuel à la production";"Québec";"07-2002";"kg";"-847047";""
"Droit de production (matière grasse) ";"..Écart mensuel à la production";"Québec";"08-2002";"kg";"-1100152";""
"Droit de production (matière grasse) ";"..Écart mensuel à la production";"Québec";"09-2002";"kg";"-853061";""
"Droit de production (matière grasse) ";"..Écart mensuel à la production";"Québec";"10-2002";"kg";"-443351";""
"Droit de production (matière grasse) ";"..Écart mensuel à la production";"Québec";"11-2002";"kg";"-145497";""
"Droit de production (matière grasse) ";"..Écart mensuel à la production";"Québec";"12-2002";"kg";"216089";""
"Droit de production (matière grasse) ";"..Écart mensuel à la production";"Québec";"01-2003";"kg";"394415";""
"Droit de production (matière grasse) ";"..Écart mensuel à la production";"Québec";"02-2003";"kg";"328772";""
"Droit de production (matière grasse) ";"..Écart mensuel à la production";"Québec";"03-2003";"kg";"511398";""
"Droit de production (matière grasse) ";"..Écart mensuel à la production";"Québec";"04-2003";"kg";"659929";""
"Droit de production (matière grasse) ";"..Écart mensuel à la production";"Québec";"05-2003";"kg";"781745";""
"Droit de production (matière grasse) ";"..Écart mensuel à la production";"Québec";"06-2003";"kg";"610971";""
"Droit de production (matière grasse) ";"..Écart mensuel à la production";"Québec";"07-2003";"kg";"148142";""
"Droit de production (matière grasse) ";"..Écart mensuel à la production";"Québec";"08-2003";"kg";"-173426";""
"Droit de production (matière grasse) ";"..Écart mensuel à la production";"Québec";"09-2003";"kg";"-6791";""
"Droit de production (matière grasse) ";"..Écart mensuel à la production";"Québec";"10-2003";"kg";"169201";""
"Droit de production (matière grasse) ";"..Écart mensuel à la production";"Québec";"11-2003";"kg";"276032";""
"Droit de production (matière grasse) ";"..Écart mensuel à la production";"Québec";"12-2003";"kg";"501831";""
"Droit de production (matière grasse) ";"..Écart mensuel à la production";"Québec";"01-2004";"kg";"647051";""
"Droit de production (matière grasse) ";"..Écart mensuel à la production";"Québec";"02-2004";"kg";"739158";""
"Droit de production (matière grasse) ";"..Écart mensuel à la production";"Québec";"03-2004";"kg";"883127";""
"Droit de production (matière grasse) ";"..Écart mensuel à la production";"Québec";"04-2004";"kg";"859466";""
"Droit de production (matière grasse) ";"..Écart mensuel à la production";"Québec";"05-2004";"kg";"809730";""
"Droit de production (matière grasse) ";"..Écart mensuel à la production";"Québec";"06-2004";"kg";"639335";""
"Droit de production (matière grasse) ";"..Écart mensuel à la production";"Québec";"07-2004";"kg";"181489";""
"Droit de production (matière grasse) ";"..Écart mensuel à la production";"Québec";"08-2004";"kg";"-14308";""
"Droit de production (matière grasse) ";"..Écart mensuel à la production";"Québec";"09-2004";"kg";"72142";""
"Droit de production (matière grasse) ";"..Écart mensuel à la production";"Québec";"10-2004";"kg";"141862";""
"Droit de production (matière grasse) ";"..Écart mensuel à la production";"Québec";"11-2004";"kg";"257857";""
"Droit de production (matière grasse) ";"..Écart mensuel à la production";"Québec";"12-2004";"kg";"445047";""
"Droit de production (matière grasse) ";"..Écart mensuel à la production";"Québec";"01-2005";"kg";"586722";""
"Droit de production (matière grasse) ";"..Écart mensuel à la production";"Québec";"02-2005";"kg";"592520";""
"Droit de production (matière grasse) ";"..Écart mensuel à la production";"Québec";"03-2005";"kg";"753521";""
"Droit de production (matière grasse) ";"..Écart mensuel à la production";"Québec";"04-2005";"kg";"697671";""
"Droit de production (matière grasse) ";"..Écart mensuel à la production";"Québec";"05-2005";"kg";"670121";""
"Droit de production (matière grasse) ";"..Écart mensuel à la production";"Québec";"06-2005";"kg";"500149";""
"Droit de production (matière grasse) ";"..Écart mensuel à la production";"Québec";"07-2005";"kg";"-120362";""
"Droit de production (matière grasse) ";"..Écart mensuel à la production";"Québec";"08-2005";"kg";"-119697";""
"Droit de production (matière grasse) ";"..Écart mensuel à la production";"Québec";"09-2005";"kg";"-27722";""
"Droit de production (matière grasse) ";"..Écart mensuel à la production";"Québec";"10-2005";"kg";"107054";""
"Droit de production (matière grasse) ";"..Écart mensuel à la production";"Québec";"11-2005";"kg";"237410";""
"Droit de production (matière grasse) ";"..Écart mensuel à la production";"Québec";"12-2005";"kg";"409526";""
"Droit de production (matière grasse) ";"..Écart mensuel à la production";"Québec";"01-2006";"kg";"605739";""
"Droit de production (matière grasse) ";"..Écart mensuel à la production";"Québec";"02-2006";"kg";"599915";""
"Droit de production (matière grasse) ";"..Écart mensuel à la production";"Québec";"03-2006";"kg";"680454";""
"Droit de production (matière grasse) ";"..Écart mensuel à la production";"Québec";"04-2006";"kg";"584460";""
"Droit de production (matière grasse) ";"..Écart mensuel à la production";"Québec";"05-2006";"kg";"417960";""
"Droit de production (matière grasse) ";"..Écart mensuel à la production";"Québec";"06-2006";"kg";"148011";""
"Droit de production (matière grasse) ";"..Écart mensuel à la production";"Québec";"07-2006";"kg";"-346496";""
"Droit de production (matière grasse) ";"..Écart mensuel à la production";"Québec";"08-2006";"kg";"-265108";""
"Droit de production (matière grasse) ";"..Écart mensuel à la production";"Québec";"09-2006";"kg";"-49446";""
"Droit de production (matière grasse) ";"..Écart mensuel à la production";"Québec";"10-2006";"kg";"-3018";""
"Droit de production (matière grasse) ";"..Écart mensuel à la production";"Québec";"11-2006";"kg";"72509";""
"Droit de production (matière grasse) ";"..Écart mensuel à la production";"Québec";"12-2006";"kg";"152149";""
"Droit de production (matière grasse) ";"..Écart mensuel à la production";"Québec";"01-2007";"kg";"236332";""
"Droit de production (matière grasse) ";"..Écart mensuel à la production";"Québec";"02-2007";"kg";"298390";""
"Droit de production (matière grasse) ";"..Écart mensuel à la production";"Québec";"03-2007";"kg";"360579";""
"Droit de production (matière grasse) ";"..Écart mensuel à la production";"Québec";"04-2007";"kg";"529626";""
"Droit de production (matière grasse) ";"..Écart mensuel à la production";"Québec";"05-2007";"kg";"602435";""
"Droit de production (matière grasse) ";"..Écart mensuel à la production";"Québec";"06-2007";"kg";"636058";""
"Droit de production (matière grasse) ";"..Écart mensuel à la production";"Québec";"07-2007";"kg";"377076";""
"Droit de production (matière grasse) ";"..Écart mensuel à la production";"Québec";"08-2007";"kg";"195148";""
"Droit de production (matière grasse) ";"..Écart mensuel à la production";"Québec";"09-2007";"kg";"325361";""
"Droit de production (matière grasse) ";"..Écart mensuel à la production";"Québec";"10-2007";"kg";"324368";""
"Droit de production (matière grasse) ";"..Écart mensuel à la production";"Québec";"11-2007";"kg";"423330";""
"Droit de production (matière grasse) ";"..Écart mensuel à la production";"Québec";"12-2007";"kg";"509439";""
"Droit de production (matière grasse) ";"..Écart mensuel à la production";"Québec";"01-2008";"kg";"558138";""
"Droit de production (matière grasse) ";"..Écart mensuel à la production";"Québec";"02-2008";"kg";"551804";""
"Droit de production (matière grasse) ";"..Écart mensuel à la production";"Québec";"03-2008";"kg";"561955";""
"Droit de production (matière grasse) ";"..Écart mensuel à la production";"Québec";"04-2008";"kg";"557062";""
"Droit de production (matière grasse) ";"..Écart mensuel à la production";"Québec";"05-2008";"kg";"533531";""
"Droit de production (matière grasse) ";"..Écart mensuel à la production";"Québec";"06-2008";"kg";"306355";""
"Droit de production (matière grasse) ";"..Écart mensuel à la production";"Québec";"07-2008";"kg";"-124525";""
"Droit de production (matière grasse) ";"..Écart mensuel à la production";"Québec";"08-2008";"kg";"-243551";""
"Droit de production (matière grasse) ";"..Écart mensuel à la production";"Québec";"09-2008";"kg";"-94318";""
"Droit de production (matière grasse) ";"..Écart mensuel à la production";"Québec";"10-2008";"kg";"-34776";""
"Droit de production (matière grasse) ";"..Écart mensuel à la production";"Québec";"11-2008";"kg";"144562";""
"Droit de production (matière grasse) ";"..Écart mensuel à la production";"Québec";"12-2008";"kg";"308968";""
"Droit de production (matière grasse) ";"..Écart mensuel à la production";"Québec";"01-2009";"kg";"467797";""
"Droit de production (matière grasse) ";"..Écart mensuel à la production";"Québec";"02-2009";"kg";"450189";""
"Droit de production (matière grasse) ";"..Écart mensuel à la production";"Québec";"03-2009";"kg";"532813";""
"Droit de production (matière grasse) ";"..Écart mensuel à la production";"Québec";"04-2009";"kg";"546787";""
"Droit de production (matière grasse) ";"..Écart mensuel à la production";"Québec";"05-2009";"kg";"558047";""
"Droit de production (matière grasse) ";"..Écart mensuel à la production";"Québec";"06-2009";"kg";"487372";""
"Droit de production (matière grasse) ";"..Écart mensuel à la production";"Québec";"07-2009";"kg";"269522";""
"Droit de production (matière grasse) ";"..Écart mensuel à la production";"Québec";"08-2009";"kg";"132211";""
"Droit de production (matière grasse) ";"..Écart mensuel à la production";"Québec";"09-2009";"kg";"385986";""
"Droit de production (matière grasse) ";"..Écart mensuel à la production";"Québec";"10-2009";"kg";"448773";""
"Droit de production (matière grasse) ";"..Écart mensuel à la production";"Québec";"11-2009";"kg";"488412";""
"Droit de production (matière grasse) ";"..Écart mensuel à la production";"Québec";"12-2009";"kg";"556121";""
"Droit de production (matière grasse) ";"..Écart mensuel à la production";"Québec";"01-2010";"kg";"633400";""
"Droit de production (matière grasse) ";"..Écart mensuel à la production";"Québec";"02-2010";"kg";"608256";""
"Droit de production (matière grasse) ";"..Écart mensuel à la production";"Québec";"03-2010";"kg";"689641";""
"Droit de production (matière grasse) ";"..Écart mensuel à la production";"Québec";"04-2010";"kg";"726114";""
"Droit de production (matière grasse) ";"..Écart mensuel à la production";"Québec";"05-2010";"kg";"721868";""
"Droit de production (matière grasse) ";"..Écart mensuel à la production";"Québec";"06-2010";"kg";"512689";""
"Droit de production (matière grasse) ";"..Écart mensuel à la production";"Québec";"07-2010";"kg";"104749";""
"Droit de production (matière grasse) ";"..Écart mensuel à la production";"Québec";"08-2010";"kg";"307166";""
"Droit de production (matière grasse) ";"..Écart mensuel à la production";"Québec";"09-2010";"kg";"313829";""
"Droit de production (matière grasse) ";"..Écart mensuel à la production";"Québec";"10-2010";"kg";"487269";""
"Droit de production (matière grasse) ";"..Écart mensuel à la production";"Québec";"11-2010";"kg";"591293";""
"Droit de production (matière grasse) ";"..Écart mensuel à la production";"Québec";"12-2010";"kg";"642522";""
"Droit de production (matière grasse) ";"..Écart mensuel à la production";"Québec";"01-2011";"kg";"774234";""
"Droit de production (matière grasse) ";"..Écart mensuel à la production";"Québec";"02-2011";"kg";"794057";""
"Droit de production (matière grasse) ";"..Écart mensuel à la production";"Québec";"03-2011";"kg";"881948";""
"Droit de production (matière grasse) ";"..Écart mensuel à la production";"Québec";"04-2011";"kg";"814564";""
"Droit de production (matière grasse) ";"..Écart mensuel à la production";"Québec";"05-2011";"kg";"835287";""
"Droit de production (matière grasse) ";"..Écart mensuel à la production";"Québec";"06-2011";"kg";"689270";""
"Droit de production (matière grasse) ";"..Écart mensuel à la production";"Québec";"07-2011";"kg";"390755";""
"Droit de production (matière grasse) ";"..Écart mensuel à la production";"Québec";"08-2011";"kg";"333821";""
"Droit de production (matière grasse) ";"..Écart mensuel à la production";"Québec";"09-2011";"kg";"449131";""
"Droit de production (matière grasse) ";"..Écart mensuel à la production";"Québec";"10-2011";"kg";"469330";""
"Droit de production (matière grasse) ";"..Écart mensuel à la production";"Québec";"11-2011";"kg";"607741";""
"Droit de production (matière grasse) ";"..Écart mensuel à la production";"Québec";"12-2011";"kg";"813493";""
"Droit de production (matière grasse) ";"..Écart mensuel à la production";"Québec";"01-2012";"kg";"1008163";""
"Droit de production (matière grasse) ";"..Écart mensuel à la production";"Québec";"02-2012";"kg";"964517";""
"Droit de production (matière grasse) ";"..Écart mensuel à la production";"Québec";"03-2012";"kg";"1031213";""
"Droit de production (matière grasse) ";"..Écart mensuel à la production";"Québec";"04-2012";"kg";"998608";""
"Droit de production (matière grasse) ";"..Écart mensuel à la production";"Québec";"05-2012";"kg";"940251";""
"Droit de production (matière grasse) ";"..Écart mensuel à la production";"Québec";"06-2012";"kg";"719432";""
"Droit de production (matière grasse) ";"..Écart mensuel à la production";"Québec";"07-2012";"kg";"471768";""
"Droit de production (matière grasse) ";"..Écart mensuel à la production";"Québec";"08-2012";"kg";"468482";""
"Droit de production (matière grasse) ";"..Écart mensuel à la production";"Québec";"09-2012";"kg";"696163";""
"Droit de production (matière grasse) ";"..Écart mensuel à la production";"Québec";"10-2012";"kg";"896068";""
"Droit de production (matière grasse) ";"..Écart mensuel à la production";"Québec";"11-2012";"kg";"1054178";""
"Droit de production (matière grasse) ";"..Écart mensuel à la production";"Québec";"12-2012";"kg";"1202029";""
"Droit de production (matière grasse) ";"..Écart mensuel à la production";"Québec";"01-2013";"kg";"1235948";""
"Droit de production (matière grasse) ";"..Écart mensuel à la production";"Québec";"02-2013";"kg";"1123818";""
"Droit de production (matière grasse) ";"..Écart mensuel à la production";"Québec";"03-2013";"kg";"1198877";""
"Droit de production (matière grasse) ";"..Écart mensuel à la production";"Québec";"04-2013";"kg";"1092753";""
"Droit de production (matière grasse) ";"..Écart mensuel à la production";"Québec";"05-2013";"kg";"1022683";""
"Droit de production (matière grasse) ";"..Écart mensuel à la production";"Québec";"06-2013";"kg";"758058";""
"Droit de production (matière grasse) ";"..Écart mensuel à la production";"Québec";"07-2013";"kg";"451077";""
"Droit de production (matière grasse) ";"..Écart mensuel à la production";"Québec";"08-2013";"kg";"579292";""
"Droit de production (matière grasse) ";"..Écart mensuel à la production";"Québec";"09-2013";"kg";"748083";""
"Droit de production (matière grasse) ";"..Écart mensuel à la production";"Québec";"10-2013";"kg";"844956";""
"Droit de production (matière grasse) ";"..Écart mensuel à la production";"Québec";"11-2013";"kg";"935001";""
"Droit de production (matière grasse) ";"..Écart mensuel à la production";"Québec";"12-2013";"kg";"893788";""
"Droit de production (matière grasse) ";"..Écart mensuel à la production";"Québec";"01-2014";"kg";"955930";""
"Droit de production (matière grasse) ";"..Écart mensuel à la production";"Québec";"02-2014";"kg";"870210";""
"Droit de production (matière grasse) ";"..Écart mensuel à la production";"Québec";"03-2014";"kg";"975464";""
"Droit de production (matière grasse) ";"..Écart mensuel à la production";"Québec";"04-2014";"kg";"904143";""
"Droit de production (matière grasse) ";"..Écart mensuel à la production";"Québec";"05-2014";"kg";"847932";""
"Droit de production (matière grasse) ";"..Écart mensuel à la production";"Québec";"06-2014";"kg";"695507";""
"Droit de production (matière grasse) ";"..Écart mensuel à la production";"Québec";"07-2014";"kg";"574301";""
"Droit de production (matière grasse) ";"..Écart mensuel à la production";"Québec";"08-2014";"kg";"710790";""
"Droit de production (matière grasse) ";"..Écart mensuel à la production";"Québec";"09-2014";"kg";"854184";""
"Droit de production (matière grasse) ";"..Écart mensuel à la production";"Québec";"10-2014";"kg";"952162";""
"Droit de production (matière grasse) ";"..Écart mensuel à la production";"Québec";"11-2014";"kg";"1033322";""
"Droit de production (matière grasse) ";"..Écart mensuel à la production";"Québec";"12-2014";"kg";"1119521";""
"Droit de production (matière grasse) ";"..Écart mensuel à la production";"Québec";"01-2015";"kg";"1193391";""
"Droit de production (matière grasse) ";"..Écart mensuel à la production";"Québec";"02-2015";"kg";"1154625";""
"Droit de production (matière grasse) ";"..Écart mensuel à la production";"Québec";"03-2015";"kg";"1404455";""
"Droit de production (matière grasse) ";"..Écart mensuel à la production";"Québec";"04-2015";"kg";"1445636";""
"Droit de production (matière grasse) ";"..Écart mensuel à la production";"Québec";"05-2015";"kg";"1520077";""
"Droit de production (matière grasse) ";"..Écart mensuel à la production";"Québec";"06-2015";"kg";"1411153";""
"Droit de production (matière grasse) ";"..Écart mensuel à la production";"Québec";"07-2015";"kg";"1239763";""
"Droit de production (matière grasse) ";"..Écart mensuel à la production";"Québec";"08-2015";"kg";"566469";""
"Droit de production (matière grasse) ";"..Écart mensuel à la production";"Québec";"09-2015";"kg";"573254";""
"Droit de production (matière grasse) ";"..Écart mensuel à la production";"Québec";"10-2015";"kg";"770185";""
"Droit de production (matière grasse) ";"..Écart mensuel à la production";"Québec";"11-2015";"kg";"900315";""
"Droit de production (matière grasse) ";"..Écart mensuel à la production";"Québec";"12-2015";"kg";"860789";""
"Droit de production (matière grasse) ";"..Écart mensuel à la production";"Québec";"01-2016";"kg";"1048645";""
"Droit de production (matière grasse) ";"..Écart mensuel à la production";"Québec";"02-2016";"kg";"683993";""
"Droit de production (matière grasse) ";"..Écart mensuel à la production";"Québec";"03-2016";"kg";"728964";""
"Droit de production (matière grasse) ";"..Écart mensuel à la production";"Québec";"04-2016";"kg";"707084";""
"Droit de production (matière grasse) ";"..Écart mensuel à la production";"Québec";"05-2016";"kg";"628439";""
"Droit de production (matière grasse) ";"..Écart mensuel à la production";"Québec";"06-2016";"kg";"356558";""
"Droit de production (matière grasse) ";"..Écart mensuel à la production";"Québec";"07-2016";"kg";"-15382";""
"Droit de production (matière grasse) ";"..Écart mensuel à la production";"Québec";"08-2016";"kg";"-95477";""
"Droit de production (matière grasse) ";"..Écart mensuel à la production";"Québec";"09-2016";"kg";"26380";""
"Droit de production (matière grasse) ";"..Écart mensuel à la production";"Québec";"10-2016";"kg";"315203";""
"Droit de production (matière grasse) ";"..Écart mensuel à la production";"Québec";"11-2016";"kg";"200886";""
"Droit de production (matière grasse) ";"..Écart mensuel à la production";"Québec";"12-2016";"kg";"186064";""
"Droit de production (matière grasse) ";"..Écart mensuel à la production";"Québec";"01-2017";"kg";"422261";""
"Droit de production (matière grasse) ";"..Écart mensuel à la production";"Québec";"02-2017";"kg";"53310";""
"Droit de production (matière grasse) ";"..Écart mensuel à la production";"Québec";"03-2017";"kg";"154631";""
"Droit de production (matière grasse) ";"..Écart mensuel à la production";"Québec";"04-2017";"kg";"119760";""
"Droit de production (matière grasse) ";"..Écart mensuel à la production";"Québec";"05-2017";"kg";"44298";""
"Droit de production (matière grasse) ";"..Écart mensuel à la production";"Québec";"06-2017";"kg";"-213966";""
"Droit de production (matière grasse) ";"..Écart mensuel à la production";"Québec";"07-2017";"kg";"-1010728";""
"Droit de production (matière grasse) ";"..Écart mensuel à la production";"Québec";"08-2017";"kg";"-958820";""
"Droit de production (matière grasse) ";"..Écart mensuel à la production";"Québec";"09-2017";"kg";"-793477";""
"Droit de production (matière grasse) ";"..Écart mensuel à la production";"Québec";"10-2017";"kg";"-742954";""
"Droit de production (matière grasse) ";"..Écart mensuel à la production";"Québec";"11-2017";"kg";"-608911";""
"Droit de production (matière grasse) ";"..Écart mensuel à la production";"Québec";"12-2017";"kg";"-456345";""
"Droit de production (matière grasse) ";"..Écart mensuel à la production";"Québec";"01-2018";"kg";"-282649";""
"Droit de production (matière grasse) ";"..Écart mensuel à la production";"Québec";"02-2018";"kg";"-81319";""
"Droit de production (matière grasse) ";"..Écart mensuel à la production";"Québec";"03-2018";"kg";"21418";""
"Droit de production (matière grasse) ";"..Écart mensuel à la production";"Québec";"04-2018";"kg";"27065";""
"Droit de production (matière grasse) ";"..Écart mensuel à la production";"Québec";"05-2018";"kg";"57230";""
"Droit de production (matière grasse) ";"..Écart mensuel à la production";"Québec";"06-2018";"kg";"-132735";""
"Droit de production (matière grasse) ";"..Écart mensuel à la production";"Québec";"07-2018";"kg";"-331820";""
